{"simulationProcessing":[{"id":"5d891ab25ad93d5aa1ba2f29","info":"vvvvv","data":{"initialset":{"flowmodel":"CMP","simulation":"SINGLE","workunits":"FIELD","restart":"NOT","matprint":"NOT","consoleprint":"NOT","fluid_phases":["OIL","GAS","WAT"],"no_fluid_phases":["ROCK"],"outres":["PRES","SAT","MOLARFRAC","MOLES","TEMP","DENS","MOLW","VISC","TENTH","PHENTH","VISC"],"outwell":["BHFP","PHSCRATE","PHSCAC","CMRATE","CMAC","CMPHRATE","GLOBALZ","API","VISC"]},"reservoir":{"mesh":{"type":"CART","i":9,"j":9,"k":4,"print_location":"./Data/Results/VTKOutput/","vtkfile":"FVFVVVVV","ri":0,"re":0,"radialmodel":"LOG","dj":{"type":"CONS","value":[293.3]},"dk":{"type":"KVAR","value":[30,30,50,50]},"di":{"type":"CONS","value":[293.3]},"dtop":{"type":"CONS","value":[7315]},"permi":{"type":"KVAR","value":[130,40,20,150]},"permj":{"type":"KVAR","value":[130,40,20,150]},"permk":{"type":"KVAR","value":[13,4,2,15]},"por":{"type":"CONS","value":[0.13]},"actblocks":{"type":"CONS","value":[1]},"flowunits":{"type":"CONS","value":[1]}},"cpor":0.000004,"prpor":3550,"denmat":146.0814,"mwrock":60.08},"pvtmodel":{"eosmodel":"PENGROBINSON","eosversion":"2","includewater":false,"flowunits":{"1":{"gasoilcomp":{"comp":["C1","C2","C3","C4","C5","C6","C7-9","C10-11","C12-14","C15+","Water"],"wc":[0.013,0.0986,0.1524,0.201,0.2539,0.3007,0.3613,0.4501,0.5339,0.7244],"pc_psi":[588,708.54,617.55,550.81,489.66,439.82,385.92,340.8,293.81,184.55],"tc_r":[350,549.77,665.82,765.36,845.28,914.22,1032.21,1148.02,1234.35,1347],"mw":[16.043,30.07,44.097,58.124,72.151,86.178,114.43,144.83,177.78,253.63],"vc":[0.098848587,0.078840458,0.072651035,0.070275758,0.069046058,0.068402545,0.065190932,0.062976683,0.062179894,0.060933697],"vc2":[0.098848587,0.078840458,0.072651035,0.070275758,0.069046058,0.068402545,0.065190932,0.062976683,0.062179894,0.060933697],"ZRA":[0,0,0,0,0,0,0,0,0,0,0],"S0":[0,0,0,0,0,0,0,0,0,0,0],"S1":[0,0,0,0,0,0,0,0,0,0,0],"teb":[0,0,0,0,0,0,0,0,0,0,0],"CP1":[0,0,0,0,0,0,0,0,0,0,0],"CP2":[0,0,0,0,0,0,0,0,0,0,0],"CP3":[0,0,0,0,0,0,0,0,0,0,0],"CP4":[0,0,0,0,0,0,0,0,0,0,0],"CP5":[0,0,0,0,0,0,0,0,0,0,0]},"interaction_coef":[[0.2466,0,0,0,0,0,0,0,0,0],[0,0,0,0,0,0,0,0,0,0],[0,0,0,0,0,0,0,0,0,0],[0,0,0,0,0,0,0,0,0,0],[0,0,0,0,0,0,0,0,0,0],[0,0,0,0,0,0,0,0,0,0],[0,0,0,0,0,0,0,0,0,0],[0,0,0,0,0,0,0,0,0,0],[0,0,0,0,0,0,0,0,0,0],[0.2466,0,0,0,0,0,0,0,0,0]],"watprop":{"rpw":14.7,"bwo":1.01066,"vwo":0.3049,"cbw":0.000003,"cvw":0,"denwat":63.0598,"wc":0.334,"pc":3197.8385,"tc":1164.87,"mww":0.0505,"vc":18.015,"BIP":[0,0,0,0,0,0,0,0,0,0,0],"CP":[0,0,0,0,0],"shift":[0,0]},"ppoints":20,"maxpress":5000}},"viscosity":{"hydrocarbonmodel":{"type":"LBC","coefficients":[8.06427063,-0.00078898494,0.00000164815632,-4.07989308e-10,2.49705915e-14]},"watermodel":{"type":"P"}}},"rockfluid":{"type":"TAB","flowunits":{"1":{"ogtable":{"sg":[0.005,0.04,0.08,0.12,0.16,0.2,0.24,0.28,0.32,0.36,0.4,0.44,0.48,0.52,0.56,0.6,0.64,0.68,0.72,0.76,0.8,0.84],"krg":[0,0.005,0.013,0.026,0.04,0.058,0.078,0.1,0.126,0.156,0.187,0.222,0.26,0.3,0.348,0.4,0.45,0.505,0.562,0.62,0.68,0.74],"kro":[0.74,0.65,0.513,0.4,0.315,0.25,0.196,0.15,0.112,0.082,0.06,0.04,0.024,0.012,0.005,0,0,0,0,0,0,0],"pcgo":[0,0,0,0,0,0,0,0,0,0,0,0,0,0,0,0,0,0,0,0,0,0]},"owtable":{"sw":[0.16,0.2,0.24,0.28,0.32,0.36,0.4,0.44,0.48,0.52,0.56,0.6,0.64,0.68,0.72,0.76,0.8,0.84,0.88,0.92,0.96,0.995],"krw":[0,0.002,0.01,0.02,0.033,0.049,0.066,0.09,0.119,0.15,0.186,0.227,0.277,0.33,0.39,0.462,0.54,0.62,0.71,0.8,0.9,1],"kro":[0.74,0.68,0.62,0.562,0.505,0.45,0.4,0.348,0.3,0.26,0.222,0.187,0.156,0.126,0.1,0.078,0.058,0.04,0.026,0.013,0.005,0],"pcow":[50,32,21,15.5,12,9.2,7,5.3,4.2,3.4,2.7,2.1,1.7,1.3,1,0.7,0.5,0.4,0.3,0.2,0.1,0]}}}},"initcond":{"type":"GRAVCAPEQU_COMPDEPTH","po":{"type":"","value":[]},"sw":{"type":"","value":[]},"sg":{"type":"","value":[]},"zi":{"type":"","value":[]},"temp":{"type":"","value":[]},"flowunits":{"1":{"zi":{"type":"CONS","value":[0.6793,0.099,0.0591,0.0517,0.0269,0.0181,0.0399,0.0122,0.008,0.0058]},"refp":3550,"refd":7500,"dgoc":0,"dwoc":7500,"tgrd":0,"reft":659.67,"gzso":"NOT","wzso":"NOT"}}},"numcont":{"dtmax":100,"dtmin":0.000001,"dtstart":5,"maxpre":290,"maxsat":0.1,"maxmol":0.2,"maxtem":0,"fdt":2,"itmax":20,"itmin":3,"ncuts":8,"linear_solver":{"abstol":1e-30,"zerotol":1e-40},"potol":{"type":"RXTOL","value":0.01},"moltol":{"type":"RXTOL","value":0.01}},"wellcons":{"timeimp":[0,157,314,471,628,785,942,1099,1256,1413,1570,1727,1884,2041,2198,2355,2512,2669,2826,2983,3140,3297,3454,3611,3768,3925,4082,4239,4396,4553,4710,4867,5024,5181,5338,5523],"wellindex":[1,2],"timechange":[0,3611],"schedule":[{"time":0,"well":1,"type":"INJECTOR","injf":"GAS","radw":1,"skin":0,"wsop":"QGSC","sche":"CON","vlsp":4.7,"numperf":2,"perf":[{"i":1,"j":1,"k":1},{"i":1,"j":1,"k":2}],"indexcomp":[1,2,3,4,5,6,7,8,9,10,11,12],"vifc":[0.779,0.112,0.061,0.036,0.009,0.003,0,0,0,0,0]},{"time":0,"well":2,"type":"PRODUCER","injf":"GAS","radw":1,"skin":0,"wsop":"QGSC","sche":"CON","vlsp":6.2,"numperf":2,"perf":[{"i":7,"j":7,"k":3},{"i":7,"j":7,"k":4}],"indexcomp":[1,2,3,4,5,6,7,8,9,10,11,12]},{"time":3611,"well":1,"type":"INJECTOR","injf":"GAS","radw":1,"skin":0,"wsop":"SHUT","sche":"CON","vlsp":0,"numperf":2,"perf":[{"i":1,"j":1,"k":1},{"i":1,"j":1,"k":2}],"indexcomp":[1,2,3,4,5,6,7,8,9,10,11,12],"vifc":[0.779,0.112,0.061,0.036,0.009,0.003,0,0,0,0,0]}]},"species":{"config":{"numspe":1,"names":["SURFACTANT"],"ref_phase":["GAS"],"phases":[["OIL","GAS","WAT","ROCK"],["NEQ","0.0","NEQ","NEQ"]]},"properties":{"1":{"molecular_weight":250,"specific_gravity":0.94}},"output":{"1":{"reservoir":["XOIL","XWAT","XGAS","XROCK"],"well":["QOIL","QWAT","QGAS","QOILAC","QWATAC","QGASAC","PPMWAT","PPMGAS","PPMOIL","PPMWATAC","PPMGASAC","PPMOILAC"]}},"transfer":{"1":[{"phenomenom":"INTERCEPTATION","model":"KINCOEF","type":"CONS","origin_phase":2,"destiny_phase":1,"ks":[0.00004]},{"phenomenom":"INTERCEPTATION","model":"KINCOEF","type":"CONS","origin_phase":2,"destiny_phase":3,"ks":[0.00004]},{"phenomenom":"DISOLUTION","model":"FIRST_ORDER","origin_phase":1,"destiny_phase":3,"xs":[0,0.000005,0.00001,0.00005,0.0001],"xsmeq":[0,0.010105,0.013494,0.038223,0.040486],"ks":[0,0.001182,0.001168,0.001191,0.001171]},{"phenomenom":"DISOLUTION","model":"FIRST_ORDER","origin_phase":1,"destiny_phase":3,"xs":[0,0.010105,0.013494,0.038223,0.040486],"xsmeq":[0,0.000005,0.00001,0.00005,0.0001],"ks":[0,0.001182,0.001168,0.001191,0.001171]},{"phenomenom":"SORPTION","model":"FIRST_ORDER","origin_phase":1,"destiny_phase":4,"xs":[0,0.010105,0.013494,0.038223,0.040486],"xsmeq":[],"ks":[0,0.01182,0.01168,0.01191,0.01171]},{"phenomenom":"SORPTION","model":"FIRST_ORDER","origin_phase":1,"destiny_phase":4,"xs":[],"xsmeq":[0,0.010105,0.013494,0.038223,0.040486],"ks":[0,0.01182,0.01168,0.01191,0.01171]}]},"modifiers":{"1":[{"property":"RELATIVE_PERMEABILITY","max_ref_conc":100,"rockfluid":{"type":"TAB","flowunits":{"1":{"ogtable":{"sg":[0.005,0.04,0.08,0.12,0.16,0.2,0.24,0.28,0.32,0.36,0.4,0.44,0.48,0.52,0.56,0.6,0.64,0.68,0.72,0.76,0.8,0.84],"krg":[0,0.005,0.013,0.026,0.04,0.058,0.078,0.1,0.126,0.156,0.187,0.222,0.26,0.3,0.348,0.4,0.45,0.505,0.562,0.62,0.68,0.74],"kro":[0.74,0.65,0.513,0.4,0.315,0.25,0.196,0.15,0.112,0.082,0.06,0.04,0.024,0.012,0.005,0,0,0,0,0,0,0],"pcgo":[0,0,0,0,0,0,0,0,0,0,0,0,0,0,0,0,0,0,0,0,0,0]},"owtable":{"sw":[0.16,0.2,0.24,0.28,0.32,0.36,0.4,0.44,0.48,0.52,0.56,0.6,0.64,0.68,0.72,0.76,0.8,0.84,0.88,0.92,0.96,0.995],"krw":[0,0.002,0.01,0.02,0.033,0.049,0.066,0.09,0.119,0.15,0.186,0.227,0.277,0.33,0.39,0.462,0.54,0.62,0.71,0.8,0.9,1],"kro":[0.74,0.68,0.62,0.562,0.505,0.45,0.4,0.348,0.3,0.26,0.222,0.187,0.156,0.126,0.1,0.078,0.058,0.04,0.026,0.013,0.005,0],"pcow":[50,32,21,15.5,12,9.2,7,5.3,4.2,3.4,2.7,2.1,1.7,1.3,1,0.7,0.5,0.4,0.3,0.2,0.1,0]}}}}}]},"numcont":{"1":{"type":"RXTOL","value":0.00001,"sequential":"YES"}},"wellcons":{"schedule":[{"1":{"type":"RATE","vlxs":40.88},"time":0,"well":1},{"1":{"type":"CONC","vlxs":0},"time":0,"well":2},{"1":{"type":"RATE","vlxs":0},"time":3611,"well":1}]}}}}]}