{
  "initialset": {
    "flowmodel": "CMP",
    "simulation": "SINGLE",
    "workunits": "FIELD",
    "restart": "NOT",
    "matprint": "NOT",
    "consoleprint": "YES",
    "fluid_phases": ["OIL", "GAS", "WAT"],
    "no_fluid_phases": ["ROCK"],
    "outres": ["PRES", "SAT", "SATPRES", "PERMI", "POR"],
    "outwell": ["BHFP", "QWSC", "QWAC", "PHSCRATE", "PHSCAC"]
  },
  "reservoir": {
    "mesh": {
      "type": "RADIAL",
      "i": 14,
      "j": 8,
      "k": 1,
      "print_location": "./Data/Results/VTKOutput/",
      "vtkfile": "LA_CRUZ_VTK",
      "ri": 0.3,
      "re": 5000,
      "radialmodel": "LOG",
      "dj": {
        "type": "CONS",
        "value": [
          45
        ]
      },
      "dk": {
        "type": "CONS",
        "value": [
          100
        ]
      },
      "dtop": {
        "type": "CONS",
        "value": [2000]
      },
      "permi": {
        "type": "CONS",
        "value": [
          18.5
        ]
      },
      "permj": {
        "type": "CONS",
        "value": [
          18.5
        ]
      },
      "permk": {
        "type": "CONS",
        "value": [
          18.5
        ]
      },
      "por": {
        "type": "CONS",
        "value": [
          0.1211
        ]
      },
      "actblocks": {
        "type": "CONS",
        "value": [
          1
        ]
      },
      "flowunits": {
        "type": "CONS",
        "value": [1]
      }
    },
    "cpor": 0.00000005,
    "prpor": 194,
    "denmat": 146.0414
  },
  "pvtmodel": {
    "eosmodel": "PENGROBINSON",
    "flowunits": {
      "1": {
        "gasoilcomp": {
          "comp": ["N", "CO2", "H2S", "C1", "C2", "C3", "nC4", "C4", "nC5", "C5", "C6", "C7", "C8", "C9", "C10", "C11", "C12", "C13", "C14", "C15+"],
          "wc": [0.2276,
            0.0827,
            0.0403,
            0.0115,
            0.0995,
            0.1523,
            0.177,
            0.2002,
            0.2275,
            0.2515,
            0.25864,
            0.27939,
            0.30807,
            0.34111,
            0.37639,
            0.41259,
            0.44887,
            0.48467,
            0.51961,
            1.297
          ],
          "pc_psi": [
            1070.669,
            1299.973,
            492.258,
            667.029,
            706.624,
            616.12,
            529.098,
            550.563,
            490.373,
            488.777,
            495.875,
            446.127,
            407.046,
            375.22,
            348.593,
            325.853,
            306.117,
            288.769,
            273.365,
            137.801
          ],
          "tc_r": [547.542,
            672.354,
            226.98,
            343.008,
            549.576,
            665.694,
            734.652,
            765.216,
            828.774,
            845.46,
            920.874,
            984.198,
            1038.497,
            1086.389,
            1129.462,
            1168.737,
            1204.909,
            1238.467,
            1269.772,
            1403.17
          ],
          "mw": [
            44.0100,
            34.082,
            28.014,
            16.043,
            30.07,
            44.096,
            58.123,
            58.123,
            72.15,
            72.15,
            84.98,
            94.678,
            106.586,
            119.791,
            133.75,
            148.123,
            162.688,
            177.298,
            191.849,
            413.13

          ],
          "vc": [0.1, 0.1, 0.1, 0.1, 0.1, 0.1, 0.1, 0.1, 0.1, 0.1, 0.1, 0.1, 0.1, 0.1, 0.1, 0.1, 0.1, 0.1, 0.1, 0.1],
          "vc2": [0.0831, 0.0831, 0.0831, 0.031, 0.031, 0.031, 0.031, 0.031, 0.031, 0.031, 0.031, 0.031, 0.031, 0.031, 0.031, 0.031, 0.031, 0.031, 0.0931, 0.0871]
        },

        "interaction_coef": [

          [0, 0.096, -0.02, 0.103, 0.13, 0.135, 0.13, 0.13, 0.125, 0.125, 0.15, 0.15, 0.15, 0.15, 0.15, 0.15, 0.15, 0.15, 0.15, 0],
          [0.096, 0, 0.176, 0.08, 0.07, 0.07, 0.06, 0.06, 0.06, 0.06, 0, 0, 0, 0, 0, 0, 0, 0, 0, 0],
          [-0.02, 0.176, 0, 0.031, 0.042, 0.091, 0.095, 0.095, 0.095, 0.095, 0.12, 0.12, 0.12, 0.12, 0.12, 0.12, 0.12, 0.12, 0.12, 0],
          [0.103, 0.08, 0.031, 0, 0.00209, 0.00691, 0.01318, 0.01241, 0.01752, 0.01824, 0.02046, 0.02894, 0.02999, 0.03566, 0.03763, 0.04175, 0.04609, 0.05033, 0.05446, 0.05236],
          [0.13, 0.07, 0.042, 0.00209, 0, 0.00141, 0.00483, 0.00436, 0.00762, 0.0081, 0.00962, 0.01578, 0.01656, 0.02093, 0.02247, 0.02575, 0.02925, 0.03272, 0.03616, 0.06973],
          [0.135, 0.07, 0.091, 0.00691, 0.00141, 0, 0.00103, 0.00082, 0.00249, 0.00277, 0.0037, 0.00784, 0.00841, 0.01163, 0.0128, 0.01533, 0.0181, 0.0209, 0.0237, 0.05258],
          [0.13, 0.06, 0.095, 0.01318, 0.00483, 0.00103, 0, 1.00E-05, 0.00032, 0.00043, 0.00083, 0.00322, 0.00358, 0.00579, 0.00663, 0.00851, 0.01062, 0.0128, 0.01504, 0.03963],
          [0.13, 0.06, 0.095, 0.01241, 0.00436, 0.00082, 1.00E-05, 0, 0.00046, 0.00058, 0.00104, 0.00362, 0.00401, 0.00633, 0.0072, 0.00915, 0.01134, 0.01359, 0.01589, 0.04095],
          [0.125, 0.06, 0.095, 0.01752, 0.00762, 0.00249, 0.00032, 0.00046, 0, 1.00E-05, 0.00012, 0.00151, 0.00176, 0.0034, 0.00405, 0.00555, 0.00728, 0.00912, 0.01103, 0.03311],
          [0.125, 0.06, 0.095, 0.01824, 0.0081, 0.00277, 0.00043, 0.00058, 1.00E-05, 0, 7.00E-05, 0.0013, 0.00154, 0.00309, 0.00371, 0.00515, 0.00683, 0.00861, 0.01047, 0.03216],
          [0.15, 0, 0.12, 0.02046, 0.00962, 0.0037, 0.00083, 0.00104, 0.00012, 7.00E-05, 0, 0.00078, 0.00097, 0.00225, 0.00278, 0.00405, 0.00555, 0.00717, 0.00888, 0.0294],
          [0.15, 0, 0.12, 0.02894, 0.01578, 0.00784, 0.00322, 0.00362, 0.00151, 0.0013, 0.00078, 0, 1.00E-05, 0.00038, 0.00062, 0.00128, 0.00218, 0.00324, 0.00442, 0.02085],
          [0.15, 0, 0.12, 0.02999, 0.01656, 0.00841, 0.00358, 0.00401, 0.00176, 0.00154, 0.00097, 1.00E-05, 0, 0.00027, 0.00047, 0.00106, 0.00189, 0.00289, 0.00402, 0.01997],
          [0.15, 0, 0.12, 0.03566, 0.02093, 0.01163, 0.00579, 0.00633, 0.0034, 0.00309, 0.00225, 0.00038, 0.00027, 0, 3.00E-05, 0.00026, 0.00074, 0.0014, 0.00222, 0.01571],
          [0.15, 0, 0.12, 0.03763, 0.02247, 0.0128, 0.00663, 0.0072, 0.00405, 0.00371, 0.00278, 0.00062, 0.00047, 3.00E-05, 0, 0.00012, 0.00048, 0.00103, 0.00174, 0.01441],
          [0.15, 0, 0.12, 0.04175, 0.02575, 0.01533, 0.00851, 0.00915, 0.00555, 0.00515, 0.00405, 0.00128, 0.00106, 0.00026, 0.00012, 0, 0.00012, 0.00045, 0.00095, 0.01195],
          [0.15, 0, 0.12, 0.04609, 0.02925, 0.0181, 0.01062, 0.01134, 0.00728, 0.00683, 0.00555, 0.00218, 0.00189, 0.00074, 0.00048, 0.00012, 0, 0.00011, 0.0004, 0.00971],
          [0.15, 0, 0.12, 0.05033, 0.03272, 0.0209, 0.0128, 0.01359, 0.00912, 0.00861, 0.00717, 0.00324, 0.00289, 0.0014, 0.00103, 0.00045, 0.00011, 0, 9.00E-05, 0.00781],
          [0.15, 0, 0.12, 0.05446, 0.03616, 0.0237, 0.01504, 0.01589, 0.01103, 0.01047, 0.00888, 0.00442, 0.00402, 0.00222, 0.00174, 0.00095, 0.0004, 9.00E-05, 0, 0.00621],
          [0, 0, 0, 0.05236, 0.06973, 0.05258, 0.03963, 0.04095, 0.03311, 0.03216, 0.0294, 0.02085, 0.01997, 0.01571, 0.01441, 0.01195, 0.00971, 0.00781, 0.00621, 0]


        ],



        "watprop": {

          "rpw": 14.7,
          "bwo": 1.01066,
          "vwo": 0.3049,
          "cbw": 3E-6,
          "cvw": 0.0,
          "denwat": 63.0598,
          "wc": 0.334,
          "pc": 319866.23,
          "tc": 1164.87,
          "mww": 18.015,
          "vc": 0.0505
        },

        "ppoints": 20,
        "maxpress": 5000

      }
    }
  },
  "rockfluid": {
    "type": "TAB",
    "flowunits": {
      "1": {
        "ogtable": {
          "sg": [0, 0.005, 0.04, 0.08, 0.12, 0.16, 0.2, 0.24, 0.28, 0.32, 0.36, 0.4, 0.44, 0.48, 0.52, 0.56, 0.6, 0.64, 0.68, 0.72, 0.76, 0.8, 0.84],
          "krg": [0, 0, 0.005, 0.013, 0.026, 0.04, 0.058, 0.078, 0.1, 0.126, 0.156, 0.187, 0.222, 0.26, 0.3, 0.348, 0.4, 0.45, 0.505, 0.562, 0.62, 0.68, 0.74],
          "kro": [1, 0.74, 0.65, 0.513, 0.4, 0.315, 0.25, 0.196, 0.15, 0.112, 0.082, 0.06, 0.04, 0.024, 0.012, 0.005, 0, 0, 0, 0, 0, 0, 0],
          "pcgo": [0, 0, 0, 0, 0, 0, 0, 0, 0, 0, 0, 0, 0, 0, 0, 0, 0, 0, 0, 0, 0, 0, 0]
        },
        "owtable": {
          "sw": [0.16, 0.2, 0.24, 0.28, 0.32, 0.36, 0.4, 0.44, 0.48, 0.52, 0.56, 0.6, 0.64, 0.68, 0.72, 0.76, 0.8, 0.84, 0.88, 0.92, 0.96, 0.995],
          "krw": [0, 0.002, 0.01, 0.02, 0.033, 0.049, 0.066, 0.09, 0.119, 0.15, 0.186, 0.227, 0.277, 0.33, 0.39, 0.462, 0.54, 0.62, 0.71, 0.8, 0.9, 1],
          "kro": [0.74, 0.68, 0.62, 0.562, 0.505, 0.45, 0.4, 0.348, 0.3, 0.26, 0.222, 0.187, 0.156, 0.126, 0.1, 0.078, 0.058, 0.04, 0.026, 0.013, 0.005, 0],
          "pcow": [50, 32, 21, 15.5, 12, 9.2, 7, 5.3, 4.2, 3.4, 2.7, 2.1, 1.7, 1.3, 1, 0.7, 0.5, 0.4, 0.3, 0.2, 0.1, 0]
        }
      }
    }
  },
  "initcond": {
    "type": "PROPARRAY",
    "po": {
      "type": "CONS",
      "value": [4200]
    },
    "sw": {
      "type": "CONS",
      "value": [0.23]
    },
    "zi": {
      "type": "CONS",
      "value": [0.012,
        0.0012,
        0.007,
        0.3405,
        0.1121,
        0.071,
        0.0098,
        0.0317,
        0.0138,
        0.0213,
        0.0382,
        0.035,
        0.0367,
        0.0274,
        0.0304,
        0.0241,
        0.0184,
        0.0159,
        0.0133,
        0.1401
      ]
    },
    "temp": {
      "type": "CONS",
      "value": [400]
    }
  },
  "numcont": {
    "dtmax": 1,
    "dtmin": 1e-14,
    "dtstart": 1e-5,
    "maxpre": 1335,
    "maxsat": 0.1,
    "maxmol": 0.1,
    "fdt": 2.0,
    "itmax": 25,
    "itmin": 15,
    "ncuts": 25,
    "potol": {
      "type": "RXTOL",
      "value": 1e-6
    },
    "moltol": {
      "type": "RXTOL",
      "value": 1e-6
    }
  },
  "wellcons": {
    "timeimp": [
      0,
      0.002,
      0.003,
      0.004,
      0.005,
      0.006,
      0.007,
      0.009,
      1,
      2,
      3,
      4,
      5,
      6,
      7,
      8,
      9,
      10,
      11,
      12,
      13,
      14,
      15,
      16,
      17,
      18,
      19,
      20,
      21,
      30,
      35,
      40,
      45,
      50,
      60,
      70,
      80,
      90
    ],
    "wellindex": [1],
    "timechange": [0, 40],
    "schedule": [

      {
        "time": 0,
        "well": 1,
        "type": "PRODUCER",
        "injf": "-",
        "radw": 0.25,
        "skin": 0.0,
        "wsop": "BHFP",
        "sche": "INT",
        "vlsp": 3850.0,
        "numperf": 8,
        "perf": [{
            "i": 1,
            "j": 1,
            "k": 1
          },
          {
            "i": 1,
            "j": 2,
            "k": 1
          },
          {
            "i": 1,
            "j": 3,
            "k": 1
          },
          {
            "i": 1,
            "j": 4,
            "k": 1
          },
          {
            "i": 1,
            "j": 5,
            "k": 1
          },
          {
            "i": 1,
            "j": 6,
            "k": 1
          },
          {
            "i": 1,
            "j": 7,
            "k": 1
          },
          {
            "i": 1,
            "j": 8,
            "k": 1
          }
        ]
      },

      {
        "time": 40,
        "well": 1,
        "type": "PRODUCER",
        "injf": "-",
        "radw": 0.25,
        "skin": 0.0,
        "wsop": "BHFP",
        "sche": "CON",
        "vlsp": 2850,

      }

    ]
  },
  "species": {
    "config": {
      "numspe": 1,
      "names": ["ASPHALTENE"],
      "ref_phase": ["OIL"],
      "phases": [
        ["OIL", "GAS", "WAT", "ROCK"],
        ["NEQ", "0.0", "0.0", "NEQ"]
      ]
    },
    "properties": {
      "1": {
        "molecular_weight": 600,
        "density": 74,
        "pressure_array": [

          2600.00000001,

          2700.00000018,
          2800.00000035,
          2900.00000052,
          3000.00000069,
          3099.99999939,
          3199.99999956,
          3299.99999973,
          3399.9999999,
          3500.00000007,
          3600.00000024,
          3700.00000041,
          3800.00000058,
          3899.99999928,
          3999.99999945,
          4999.99999968,
          5999.99999991,
          7000.00000014,
          8014.70000037




        ],
        "temperature_array": [1, 700],
        "solubility": [
          [
            0.00123186,
            0.00132224,
            0.00142663,
            0.00154454,
            0.0016755,
            0.00181901,
            0.00197454,
            0.00214158,
            0.00231962,
            0.00250813,
            0.0027066,
            0.00291453,
            0.00313143,
            0.00335681,
            0.00359021,
            0.00627288,
            0.00935671,
            0.01261366,
            0.01591284

          ],

          [
            0.00123186,
            0.00132224,
            0.00142663,
            0.00154454,
            0.0016755,
            0.00181901,
            0.00197454,
            0.00214158,
            0.00231962,
            0.00250813,
            0.0027066,
            0.00291453,
            0.00313143,
            0.00335681,
            0.00359021,
            0.00627288,
            0.00935671,
            0.01261366,
            0.01591284
          ]

        ]
      }
    },
    "output": {
      "1": {
        "reservoir": ["XOIL", "XROCK"],
        "well": ["QOIL"]
      }
    },
    "transfer": {

      "1": [{
          "model": "DEPOSIT",
          "origin_phase": 1,
          "destiny_phase": 4,
          "alfa": 0.00000002,
          "beta": 0.0000001,
          "Vcri": 0,
          "gamma": 0.0000007
        },
        {
          "model": "DEPOSIT",
          "origin_phase": 4,
          "destiny_phase": 1,
          "alfa": 0.0000002,
          "beta": 0.0000001,
          "Vcri": 0,
          "gamma": 0.00003
        }
      ]
    },
    "modifiers": {

      "1": [{
          "property": "POROSITY"
        },
        {
          "property": "PERMEABILITY"
        }
      ]
    },
    "numcont": {
      "1": {
        "type": "RXTOL",
        "value": 1e-6
      }
    },
    "wellcons": {
      "schedule": [{
        "time": 0,
        "well": 1,
        "1": {
          "type": "RATE",
          "vlxs": 0.000
        }
      }]
    }
  }
}
