{
  "initialset": {
    "flowmodel": "BOM",
    "simulation": "SINGLE",
    "workunits": "FIELD",
    "restart": "NOT",
    "matprint": "NOT",
    "consoleprint": "YES",
    "outres": [ "PRES", "SO", "SG", "SW" ],
    "outwell": ["BHFP","QOSC","QGSC","QWSC", "QOAC", "QGAC", "QWAC"]
  },
  "reservoir": {
    "mesh": {
      "type": "CART",
      "i": 13,
      "j": 14,
      "k": 6,
      "print_location": "./Data/Results/VTKOutput/",
      "vtkfile": "base_vtk",
      "di": {
        "type": "IVAR",
        "value": [ 120, 70, 30, 70, 145, 70, 30, 70, 145, 70, 30, 70, 120 ]
      },
      "dj": {
        "type": "JVAR",
        "value": [ 60, 50, 30, 30, 50, 80, 30, 60, 60, 50, 30, 50, 60, 100 ]
      },
      "dk": {
        "type": "KVAR",
        "value": [ 10, 12, 14, 10, 13, 8 ]
      },
      "dtop": {
        "type": "VAR",
        "value": [  3175, 3165, 3155, 3140, 3120, 3100, 3113, 3125, 3142, 3156, 3168, 3180, 3200,
              3182, 3160, 3130, 3127, 3125, 3120, 3132, 3144, 3156, 3168, 3180, 3192, 3205,
              3190, 3140, 3085, 3105, 3125, 3140, 3148, 3156, 3165, 3171, 3180, 3190, 3210,
              3200, 3120, 3040, 3080, 3118, 3155, 3165, 3170, 3179, 3188, 3196, 3206, 3213,
              3210, 3105, 3025, 3050, 3125, 3170, 3175, 3180, 3188, 3196, 3203, 3210, 3217,
              3215, 3115, 3025, 3075, 3120, 3185, 3187, 3192, 3197, 3207, 3211, 3216, 3222,
              3220, 3120, 3052, 3100, 3145, 3195, 3195, 3200, 3205, 3215, 3216, 3222, 3227,
              3225, 3156, 3088, 3130, 3165, 3207, 3208, 3210, 3216, 3220, 3228, 3226, 3231,
              3230, 3175, 3120, 3150, 3185, 3220, 3221, 3223, 3226, 3229, 3240, 3234, 3236,
              3230, 3196, 3150, 3175, 3200, 3232, 3233, 3234, 3240, 3246, 3248, 3241, 3242,
              3235, 3208, 3185, 3205, 3225, 3245, 3245, 3245, 3245, 3245, 3245, 3245, 3245,
              3240, 3228, 3215, 3230, 3245, 3265, 3262, 3260, 3257, 3254, 3251, 3249, 3246,
              3245, 3243, 3240, 3250, 3260, 3278, 3273, 3269, 3265, 3260, 3256, 3252, 3248,
              3250, 3255, 3262, 3272, 3284, 3290, 3287, 3283, 3279, 3270, 3265, 3260, 3250 ]
      },
      "permi": {
        "type": "KVAR",
        "value": [ 100.0, 300.0, 1000.0, 50.0, 200.0, 20.0 ]
      },
      "permj": {
        "type": "KVAR",
        "value": [ 100.0, 300.0, 1000.0, 50.0, 200.0, 20.0 ]
      },
      "permk": {
        "type": "KVAR",
        "value": [ 15, 45, 150, 7.5, 30, 3 ]
      },
      "por": {
        "type": "KVAR",
        "value": [ 0.15, 0.17, 0.25, 0.10, 0.15, 0.10 ]
      },
      "actblocks": {
        "type": "VAR",
        "value": [ 0, 0, 0, 0, 0, 0, 0, 0, 0, 0, 0, 0, 0, 0, 0, 0, 0, 0, 0, 1,
    1, 1, 1, 1, 1, 1, 0, 0, 0, 0, 1, 1, 1, 1, 1, 1, 1, 1, 1, 0,
    0, 0, 1, 1, 1, 1, 1, 1, 1, 1, 1, 1, 0, 0, 0, 1, 1, 1, 1, 1,
    1, 1, 1, 1, 1, 0, 0, 0, 1, 1, 1, 1, 1, 1, 1, 1, 1, 1, 0, 0,
    0, 1, 1, 1, 1, 1, 1, 1, 1, 1, 1, 0, 0, 0, 1, 1, 1, 1, 1, 1,
    1, 1, 1, 1, 0, 0, 0, 1, 1, 1, 1, 1, 1, 1, 1, 1, 1, 0, 0, 0,
    1, 1, 1, 1, 1, 1, 1, 1, 1, 1, 0, 0, 0, 1, 1, 1, 1, 1, 1, 1,
    1, 1, 1, 0, 0, 0, 1, 1, 1, 1, 1, 1, 1, 1, 1, 0, 0, 0, 0, 1,
    1, 1, 1, 1, 1, 1, 1, 0, 0, 0, 0, 0, 0, 0, 0, 0, 0, 0, 0, 0,
    0, 0, 0, 0, 0, 0, 0, 0, 0, 0, 0, 0, 0, 0, 0, 0, 0, 0, 0, 1,
    1, 1, 1, 1, 1, 1, 1, 1, 0, 0, 0, 1, 1, 1, 1, 1, 1, 1, 1, 1,
    1, 0, 0, 1, 1, 1, 1, 1, 1, 1, 1, 1, 1, 1, 0, 0, 1, 1, 1, 1,
    1, 1, 1, 1, 1, 1, 1, 0, 0, 1, 1, 1, 1, 1, 1, 1, 1, 1, 1, 1,
    0, 0, 1, 1, 1, 1, 1, 1, 1, 1, 1, 1, 1, 0, 0, 1, 1, 1, 1, 1,
    1, 1, 1, 1, 1, 1, 0, 0, 1, 1, 1, 1, 1, 1, 1, 1, 1, 1, 1, 0,
    0, 1, 1, 1, 1, 1, 1, 1, 1, 1, 1, 1, 0, 0, 1, 1, 1, 1, 1, 1,
    1, 1, 1, 1, 1, 0, 0, 1, 1, 1, 1, 1, 1, 1, 1, 1, 1, 0, 0, 0,
    1, 1, 1, 1, 1, 1, 1, 1, 1, 0, 0, 0, 0, 0, 0, 0, 0, 0, 0, 0,
    0, 0, 0, 0, 0, 0, 1, 1, 1, 1, 1, 1, 1, 1, 1, 1, 1, 0, 1, 1,
    1, 1, 1, 1, 1, 1, 1, 1, 1, 1, 0, 1, 1, 1, 1, 1, 1, 1, 1, 1,
    1, 1, 1, 0, 1, 1, 1, 1, 1, 1, 1, 1, 1, 1, 1, 1, 0, 1, 1, 1,
    1, 1, 1, 1, 1, 1, 1, 1, 1, 0, 1, 1, 1, 1, 1, 1, 1, 1, 1, 1,
    1, 1, 0, 1, 1, 1, 1, 1, 1, 1, 1, 1, 1, 1, 1, 0, 1, 1, 1, 1,
    1, 1, 1, 1, 1, 1, 1, 1, 0, 1, 1, 1, 1, 1, 1, 1, 1, 1, 1, 1,
    1, 0, 1, 1, 1, 1, 1, 1, 1, 1, 1, 1, 1, 1, 0, 1, 1, 1, 1, 1,
    1, 1, 1, 1, 1, 1, 1, 0, 1, 1, 1, 1, 1, 1, 1, 1, 1, 1, 1, 1,
    0, 1, 1, 1, 1, 1, 1, 1, 1, 1, 1, 0, 0, 0, 0, 0, 0, 0, 0, 0,
    0, 0, 0, 0, 0, 0, 0, 0, 1, 1, 1, 1, 1, 1, 1, 1, 1, 0, 0, 0,
    1, 1, 1, 1, 1, 1, 1, 1, 1, 1, 0, 0, 0, 1, 1, 1, 1, 1, 1, 1,
    1, 1, 1, 0, 0, 0, 1, 1, 1, 1, 1, 1, 1, 1, 1, 1, 0, 0, 0, 1,
    1, 1, 1, 1, 1, 1, 1, 1, 1, 0, 0, 0, 1, 1, 1, 1, 1, 1, 1, 1,
    1, 1, 0, 0, 0, 1, 1, 1, 1, 1, 1, 1, 1, 1, 1, 0, 0, 0, 1, 1,
    1, 1, 1, 1, 1, 1, 1, 1, 0, 0, 0, 1, 1, 1, 1, 1, 1, 1, 1, 1,
    1, 0, 0, 0, 1, 1, 1, 1, 1, 1, 1, 1, 1, 1, 0, 0, 0, 1, 1, 1,
    1, 1, 1, 1, 1, 1, 1, 0, 0, 0, 1, 1, 1, 1, 1, 1, 1, 1, 1, 1,
    0, 0, 0, 1, 1, 1, 1, 1, 1, 1, 1, 1, 1, 0, 0, 0, 1, 1, 1, 1,
    1, 1, 1, 1, 1, 1, 0, 0, 1, 1, 1, 1, 1, 1, 1, 1, 1, 1, 0, 0,
    0, 1, 1, 1, 1, 1, 1, 1, 1, 1, 1, 0, 0, 0, 1, 1, 1, 1, 1, 1,
    1, 1, 1, 1, 0, 0, 0, 1, 1, 1, 1, 1, 1, 1, 1, 1, 1, 0, 0, 0,
    1, 1, 1, 1, 1, 1, 1, 1, 1, 1, 0, 0, 0, 1, 1, 1, 1, 1, 1, 1,
    1, 1, 1, 0, 0, 0, 1, 1, 1, 1, 1, 1, 1, 1, 1, 1, 0, 0, 0, 1,
    1, 1, 1, 1, 1, 1, 1, 1, 1, 0, 0, 0, 1, 1, 1, 1, 1, 1, 1, 1,
    1, 1, 0, 0, 0, 1, 1, 1, 1, 1, 1, 1, 1, 1, 1, 0, 0, 0, 1, 1,
    1, 1, 1, 1, 1, 1, 1, 1, 0, 0, 0, 1, 1, 1, 1, 1, 1, 1, 1, 1,
    1, 0, 0, 0, 1, 1, 1, 1, 1, 1, 1, 1, 1, 1, 0, 0, 0, 1, 1, 1,
    1, 1, 1, 1, 1, 1, 1, 0, 0, 0, 1, 1, 1, 1, 1, 1, 1, 1, 0, 0,
    0, 0, 0, 1, 1, 1, 1, 1, 1, 1, 1, 0, 0, 0, 0, 0, 1, 1, 1, 1,
    1, 1, 1, 1, 0, 0, 0, 0, 0, 1, 1, 1, 1, 1, 1, 1, 1, 0, 0, 0,
    0, 0, 1, 1, 1, 1, 1, 1, 1, 1, 0, 0, 0, 0, 0, 1, 1, 1, 1, 1,
    1, 1, 1, 0, 0, 0, 0, 0, 1, 1, 1, 1, 1, 1, 1, 1, 0, 0, 0, 0,
    0, 1, 1, 1, 1, 1, 1, 1, 1, 0, 0, 0, 0, 0, 1, 1, 1, 1, 1, 1,
    1, 1, 0, 0, 0, 0, 0, 1, 1, 1, 1, 1, 1, 1, 1, 0, 0, 0, 0, 0,
    1, 1, 1, 1, 1, 1, 1, 1, 0, 0, 0, 0, 0, 1, 1, 1, 1, 1, 1, 1,
    1, 0, 0, 0, 0, 0, 1, 1, 1, 1, 1, 1, 1, 1, 0, 0, 0, 0, 0, 1,
    1, 1, 1, 1, 1, 1, 1, 0, 0, 0, 0, 0 ]
      },
      "flowunits": {
        "type": "CONS",
        "value": [
          1
        ]
      }
    },
    "cpor": 0.000003,
    "prpor": 14.7,
    "denmat": 165
  },
  "pvtmodel": {
    "flowunits":{
      "1":{
        "type": "BLACKOIL",
        "pvttable": {
          "pr": [ 14.69600,207.0500,399.4030,591.7570,784.1100,976.4640,1168.820,1361.170,1553.520,1745.880,1938.230,2130.590,2322.940,2515.290,2707.650,2900.000,3380.000,3860.000,4340.000,4820.000,5300.000 ],
          "rs": [ 0.004965,0.041171,0.085114,0.133475,0.185073,0.239267,0.295647,0.353925,0.413888,0.475370,0.538236,0.602378,0.667705,0.734138,0.801610,0.870062,1.044830,1.224730,1.409260,1.597990,1.809326 ],
          "bo": [ 1.074100,1.090590,1.111150,1.134400,1.159850,1.187220,1.216340,1.247070,1.279310,1.312970,1.347970,1.384260,1.421780,1.460490,1.500330,1.541280,1.648040,1.760980,1.879700,2.003890,2.133260 ],
          "bg": [ 228.3350,15.82310,8.008910,5.279610,3.894200,3.059670,2.505070,2.112650,1.822900,1.602420,1.430840,1.294970,1.185800,1.096950,1.023800,0.962899,0.849041,0.770915,0.714607,0.672301,0.639386 ],
          "uo": [ 1.464530,1.222710,1.036580,0.900111,0.797493,0.717924,0.654508,0.602775,0.559739,0.523346,0.492137,0.465053,0.441306,0.420296,0.401562,0.384740,0.349347,0.321007,0.297735,0.278234,0.261624 ],
          "ug": [ 0.012435,0.012637,0.012938,0.013317,0.013769,0.014297,0.014902,0.015585,0.016346,0.017182,0.018084,0.019045,0.020054,0.021100,0.022171,0.023258,0.025989,0.028674,0.031260,0.033726,0.036067 ]
        },
        "watprop": {
          "rpw": 14.696,
          "bwo": 1.0419,
          "vwo": 0.298574,
          "cbw": 3.37601E-6,
          "cvw": 1E-5
        },
        "dengas": 0.0664348,
        "denoil": 52.0633,
        "denwat": 60.3094
      }
    }
  },
  "rockfluid": {
    "type": "TAB",
    "flowunits":{
      "1":{
        "ogtable": {
          "sg": [ 0, 0.04, 0.1, 0.2, 0.3, 0.4, 0.5, 0.6, 0.7, 0.78 ],
          "krg": [ 0, 0, 0.022, 0.1, 0.24, 0.34, 0.42, 0.5, 0.8125, 1 ],
          "kro": [ 1, 0.6, 0.33, 0.1, 0.02, 0, 0, 0, 0, 0 ],
          "pcgo": [ 0, 0.2, 0.5, 1, 1.5, 2, 2.5, 3, 3.5, 3.9 ]
        },
        "owtable": {
          "sw": [ 0.22, 0.3, 0.4, 0.5, 0.6, 0.8, 0.9, 1 ],
          "krw": [ 0, 0.07, 0.15, 0.24, 0.33, 0.65, 0.83, 1 ],
          "kro": [ 1, 0.4, 0.125, 0.0649, 0.0048, 0, 0, 0 ],
          "pcow": [ 7, 4, 3, 2.5, 2, 1, 0.5, 0 ]
        }
      }
    }
  },
  "initcond": {
    "type": "PROPARRAY",
    "po": {
      "type": "CONS",
      "value": [ 3000 ]
    },
    "sg": {
      "type": "CONS",
      "value": [ 0.05 ]
    },
    "sw": {
      "type": "CONS",
      "value": [ 0.25 ]
    }
  },
  "numcont": {
    "dtmax": 10,
    "dtmin": 1e-7,
    "dtstart": 1e-3,
    "maxpre": 435.113,
    "maxsat": 0.1,
    "fdt": 2.0,
    "itmax": 20,
    "itmin": 3,
    "ncuts": 8,
    "tol": {
      "type": "DXTOL",
      "value": 1e-6
    }
  },
  "wellcons": {
    "timeimp": [ 0, 10, 20, 30, 40, 50, 60, 70, 80, 90, 100, 110, 120 ],
    "wellindex": [ 1, 2, 3, 4 ],
    "timechange": [ 0 ],
    "schedule": [
      {
        "time": 0,
        "well": 1,
        "type": "PRODUCER",
        "injf": "-",
        "radw": 0.2,
        "skin": 0.0,
        "wsop": "BHFP",
        "sche": "CON",
        "vlsp": 2900,
        "numperf": 4,
        "perf": [
          {
            "i": 3,
            "j": 3,
            "k": 3
          },
          {
            "i": 3,
            "j": 3,
            "k": 4
          },
          {
            "i": 3,
            "j": 3,
            "k": 5
          },
          {
            "i": 3,
            "j": 3,
            "k": 6
          }
        ]
      },
      {
        "time": 0,
        "well": 2,
        "type": "PRODUCER",
        "injf": "-",
        "radw": 0.2,
        "skin": 0.0,
        "wsop": "BHFP",
        "sche": "CON",
        "vlsp": 2850,
        "numperf": 3,
        "perf": [
          {
            "i": 11,
            "j": 3,
            "k": 2
          },
          {
            "i": 11,
            "j": 3,
            "k": 3
          },
          {
            "i": 11,
            "j": 3,
            "k": 4
          }
        ]
      },
      {
        "time": 0,
        "well": 3,
        "type": "PRODUCER",
        "injf": "-",
        "radw": 0.2,
        "skin": 0.0,
        "wsop": "BHFP",
        "sche": "CON",
        "vlsp": 2930,
        "numperf": 5,
        "perf": [
          {
            "i": 3,
            "j": 11,
            "k": 2
          },
          {
            "i": 3,
            "j": 11,
            "k": 3
          },
          {
            "i": 3,
            "j": 11,
            "k": 4
          },
          {
            "i": 3,
            "j": 11,
            "k": 5
          },
          {
            "i": 3,
            "j": 11,
            "k": 6
          }
        ]
      },
      {
        "time": 0,
        "well": 4,
        "type": "INJECTOR",
        "injf": "GAS",
        "radw": 0.2,
        "skin": 0.0,
        "wsop": "QGSC",
        "sche": "CON",
        "vlsp": 10,
        "numperf": 6,
        "perf": [
          {
            "i": 8,
            "j": 13,
            "k": 1
          },
          {
            "i": 8,
            "j": 13,
            "k": 2
          },
          {
            "i": 8,
            "j": 13,
            "k": 3
          },
          {
            "i": 8,
            "j": 13,
            "k": 4
          },
          {
            "i": 8,
            "j": 13,
            "k": 5
          },
          {
            "i": 8,
            "j": 13,
            "k": 6
          }
        ]
      }
    ]
  }
}
